Department,Count_left,Count_stayed,Leave_rate
management,91,539,0.144444444
RandD,121,666,0.153748412
product_mng,198,704,0.219512195
IT,273,954,0.222493888
marketing,203,655,0.236596737
sales,"1,014","3,126",0.244927536
support,555,"1,674",0.248990579
technical,697,"2,023",0.25625
accounting,204,563,0.265971317
hr,215,524,0.290933694
